<?xml version="1.0" encoding="utf-8"?>
<!DOCTYPE hibernate-configuration PUBLIC
"-//Hibernate/Hibernate Configuration DTD 3.0//EN"
"http://www.hibernate.org/dtd/hibernate-configuration-3.0.dtd">

<hibernate-configuration>
	<session-factory>
		<!--<property name="hibernate.connection.driver_class">com.mysql.jdbc.Driver</property>
		<property name="hibernate.connection.url">jdbc:mysql://192.168.182.151:3306/webapp</property>
		<property name="hibernate.connection.username">webappuser</property>
		<property name="hibernate.connection.password">n5pC6rVUOqxI</property>-->
		
		<property name="hibernate.connection.datasource">
			java:comp/env/jdbc/webappdb
		</property>
		
		<property name="hibernate.dialect">org.hibernate.dialect.MySQLDialect</property>
		<property name="show_sql">true</property>
		<property name="format_sql">true</property>
		<property name="use_sql_comments">true</property>
		<property name="hbm2ddl.auto">update </property>
		<!-- <property name="hibernate.connection.release_mode">after_transaction</property> -->



		<!-- <property name="connection_provider_class"> org.hibernate.connection.C3P0ConnectionProvider 
			</property> <property name="c3p0.initialPoolSize">20</property> <property 
			name="c3p0.minPoolSize">10</property> <property name="c3p0.testConnectionOnCheckin">false</property> 
			<property name="c3p0.testConnectionOnCheckout">true</property> -->

		<mapping resource="org/zeronights/hq/hibernate/good.hbm.xml" />
	</session-factory>
</hibernate-configuration>

<!-- <Resource name="jdbc/webappdb" auth="Container" type="javax.sql.DataSource" 
	username="username" password="password" driverClassName="com.mysql.jdbc.Driver" 
	url="jdbc:mysql://192.168.182.151:3306/webapp" maxActive="8" maxIdle="4"/> -->